mse_state,deg_l1,nodes_a,nodes_b,edges_a,edges_b
0.07884777337312698,0.5833333333333334,24,24,48,48
