mse,rmse,psnr_db,width,height
68.27163696289062,8.26266524572372,29.78840044724488,300,300
