chamfer2,chamfer,samples_a,samples_b
0.00713154673576355,0.08444848569254247,1500,1500
