mse,rmse,psnr_db,frames,sample_rate,channels
1575325.875,1255.1198647937972,28.335029558561047,44100,44100,1
