mse,rmse,psnr_db,frames
171.9816157023112,13.114176135095608,25.775983362031965,30
