{
  "mse": 0.00384953392428406,
  "mae": 0.049156023038206424,
  "ttc": 3.0
}