{
  "mse": 0.003357280911866447,
  "mae": 0.04499212006749647,
  "ttc": 0.0
}