{
  "mse": 0.004099381872835918,
  "mae": 0.05216085245708338,
  "ttc": 0.0
}