{
  "mse": 0.0016096768797740108,
  "mae": 0.034836009301336866,
  "ttc": 0.0
}