{
  "mse": 0.00530124333168696,
  "mae": 0.05704498438088337,
  "ttc": 0.0
}